"group","file","kb","url"
"interior-thumb","interior-03.jpg","212","https://thb.tildacdn.com/tild6639-6634-4633-b333-313261626232/_4.jpg"
"interior","interior-04.jpg","255","https://static.tildacdn.com/tild6561-3539-4230-a362-363463373330/_2.jpg"
"interior","interior-05.jpg","114","https://static.tildacdn.com/tild6266-3234-4531-b038-353233336337/photo.jpg"
"interior","interior-06.jpg","96","https://static.tildacdn.com/tild3635-3139-4731-a463-363433626333/photo.jpg"
"interior","interior-07.jpg","102","https://static.tildacdn.com/tild3965-3039-4635-b830-393933666131/photo.jpg"
"interior","interior-08.jpg","127","https://static.tildacdn.com/tild3463-3761-4562-b338-633036323264/photo.jpg"
"interior","interior-09.jpg","107","https://static.tildacdn.com/tild6631-3735-4839-a636-313136303139/photo.jpg"
"interior","interior-10.jpg","97","https://static.tildacdn.com/tild3165-6232-4839-a466-336431613863/photo.jpg"
"interior","interior-11.jpg","128","https://static.tildacdn.com/tild3364-6162-4864-b961-346131666433/photo.jpg"
"interior","interior-12.jpg","106","https://static.tildacdn.com/tild6430-6634-4936-a136-336334356339/photo.jpg"
"interior","interior-13.jpg","98","https://static.tildacdn.com/tild3636-6437-4935-a666-353561353661/photo.jpg"
"interior","interior-14.jpg","96","https://static.tildacdn.com/tild3862-3265-4731-b536-316631626333/photo.jpg"
"interior","interior-15.jpg","264","https://static.tildacdn.com/tild6464-3836-4633-b734-666132613362/_1_-____compressed.jpg"
"interior","interior-16.jpg","177","https://static.tildacdn.com/tild6230-3938-4038-b564-646139396165/___compressed.jpg"
"interior","interior-17.jpg","332","https://static.tildacdn.com/tild6264-3234-4434-b336-626636386338/_2_-___compressed.jpg"
"interior","interior-18.jpg","271","https://static.tildacdn.com/tild6666-3863-4935-b736-613265303163/_3_-___compressed.jpg"
"interior","interior-19.jpg","239","https://static.tildacdn.com/tild3666-6265-4561-a530-323631303937/_4_-__-__compressed.jpg"
"interior","interior-20.jpg","219","https://static.tildacdn.com/tild3064-3636-4532-a561-643635353831/_.jpg"
"brand","logo.png","34","https://static.tildacdn.com/tild6335-6436-4534-b236-356437663338/Logo.png"
"brand","icon.svg","42","https://static.tildacdn.com/tild6362-6662-4634-b166-663231613364/5f63be9718732c120852.svg"
"brand","og.jpg","117","https://static.tildacdn.com/tild3835-3130-4238-a433-386263383834/DSC01841m.jpg"
"menu","menu-1.pdf","604","https://drive.google.com/uc?export=download&id=1reR5s5XqpJzKkV4sVbMx9R2jAPKaVdC8"
"menu","menu-2.pdf","1212","https://drive.google.com/uc?export=download&id=1DLQKW7gexurof_5DFajMpNvGwfa9C1ts"
"menu","menu-3.pdf","916","https://drive.google.com/uc?export=download&id=167o4cL-HeDcuk-AK3Gtf_mc1r2ySpd1_"
"menu","menu-4.pdf","253","https://drive.google.com/uc?export=download&id=1uwHZk0eFi16YB7_Zrm2iEJmsz6-KWn4u"
"menu","menu-5.pdf","409","https://drive.google.com/uc?export=download&id=1ILqyyKQH1yEpAnYlYBqhwGDJ-Jf1xK7Y"
"html","index.html","351","https://secretslounge.ru/"
"html","menu.html","34","https://secretslounge.ru/menu"
