file,kb,url
assets/venue/01-DSC01841m.jpg,117kb,https://static.tildacdn.com/tild3835-3130-4238-a433-386263383834/DSC01841m.jpg
assets/venue/02-DSC01743.jpg,369kb,https://static.tildacdn.com/tild6333-6337-4533-b230-353462326538/DSC01743.jpg
assets/venue/03-DSC01744.jpg,1552kb,https://static.tildacdn.com/tild3564-6562-4562-b931-306132343661/DSC01744.jpg
assets/venue/04-DSC01744.jpg,178kb,https://static.tildacdn.com/tild3265-3839-4538-a562-336332353763/DSC01744.jpg
assets/venue/05-DSC01935.jpg,568kb,https://static.tildacdn.com/tild6636-3166-4138-b762-643730353736/DSC01935.jpg
assets/venue/06-DSC02642.jpg,588kb,https://static.tildacdn.com/tild6438-3861-4930-b930-353633313139/DSC02642.jpg
assets/venue/07-DSC02408.jpg,1549kb,https://static.tildacdn.com/tild6237-3430-4139-a231-323134373464/DSC02408.jpg
assets/venue/08-_____2.jpg,1349kb,https://static.tildacdn.com/tild6136-6661-4433-a164-373064623930/_____2.jpg
assets/venue/09-DSC02685.jpg,1525kb,https://static.tildacdn.com/tild3637-3430-4663-a561-326230336463/DSC02685.jpg
assets/venue/10-___.jpg,1456kb,https://static.tildacdn.com/tild3934-3237-4633-a330-343233656139/___.jpg
assets/venue/11-__1.jpg,1393kb,https://static.tildacdn.com/tild3464-6464-4662-a561-316135643330/__1.jpg
assets/venue/12-__2.jpg,1596kb,https://static.tildacdn.com/tild3932-3866-4437-a637-636263336564/__2.jpg
assets/venue/13-____2.jpg,1461kb,https://static.tildacdn.com/tild3138-6664-4134-b533-323732306430/____2.jpg
assets/venue/14-DSC02408.jpg,1549kb,https://static.tildacdn.com/tild3935-3832-4935-b333-306332383962/DSC02408.jpg
assets/venue/15-DSC02430_1.jpg,1112kb,https://static.tildacdn.com/tild3666-6265-4433-b231-616332636665/DSC02430_1.jpg
assets/venue/16-DSC02369.jpg,1797kb,https://static.tildacdn.com/tild3830-3837-4332-b039-316637313838/DSC02369.jpg
assets/venue/17-DSC02642.jpg,133kb,https://static.tildacdn.com/tild6564-6237-4763-b461-323339663462/DSC02642.jpg
assets/venue/18-DSC08807.jpg,324kb,https://static.tildacdn.com/tild3561-3739-4635-b364-303363383539/DSC08807.jpg
assets/venue/19-DSC02408.jpg,1549kb,https://static.tildacdn.com/tild6163-6162-4933-b862-326537666433/DSC02408.jpg
assets/venue/20-DSC05123.jpg,65kb,https://static.tildacdn.com/tild3431-3232-4338-b630-393762663831/DSC05123.jpg
assets/venue/21-DSC01729.jpg,1334kb,https://static.tildacdn.com/tild3733-3639-4863-b766-323561643335/DSC01729.jpg
assets/venue/22-DSC01744.jpg,1552kb,https://static.tildacdn.com/tild3463-3032-4663-b737-363962333139/DSC01744.jpg
assets/venue/23-DSC01750.jpg,2929kb,https://static.tildacdn.com/tild3630-6562-4739-b332-323961303036/DSC01750.jpg
assets/venue/24-DSC01770.jpg,1456kb,https://static.tildacdn.com/tild3432-3930-4361-b266-316233316534/DSC01770.jpg
assets/venue/25-DSC01834.jpg,1384kb,https://static.tildacdn.com/tild6138-6233-4436-b730-313733363062/DSC01834.jpg
assets/venue/26-DSC02022.jpg,1877kb,https://static.tildacdn.com/tild6539-3437-4331-b635-313565373336/DSC02022.jpg
assets/venue/27-DSC01833.jpg,287kb,https://static.tildacdn.com/tild6562-3361-4232-a266-306563396561/DSC01833.jpg
assets/venue/28-_1.jpg,255kb,https://static.tildacdn.com/tild3235-6139-4966-b732-386665646235/_1.jpg
assets/venue/29-_3.jpg,257kb,https://static.tildacdn.com/tild3139-6439-4162-b939-373262613561/_3.jpg
assets/venue/30-_4.jpg,211kb,https://static.tildacdn.com/tild6639-6634-4633-b333-313261626232/_4.jpg
assets/venue/31-_2.jpg,254kb,https://static.tildacdn.com/tild6561-3539-4230-a362-363463373330/_2.jpg
assets/venue/32-_.jpg,218kb,https://static.tildacdn.com/tild3064-3636-4532-a561-643635353831/_.jpg
